./Data-Angle/class3/frame2878.jpg,3
./Data-Angle/class0/frame2777.jpg,0
./Data-Angle/class6/frame2078.jpg,6
./Data-Angle/class3/frame571.jpg,3
./Data-Angle/class3/frame635.jpg,3
./Data-Angle/class5/frame2379.jpg,5
./Data-Angle/class3/frame58.jpg,3
./Data-Angle/class3/frame2296.jpg,3
./Data-Angle/class3/frame3142.jpg,3
./Data-Angle/class2/frame451.jpg,2
./Data-Angle/class3/frame1819.jpg,3
./Data-Angle/class3/frame2270.jpg,3
./Data-Angle/class3/frame3181.jpg,3
./Data-Angle/class3/frame236.jpg,3
./Data-Angle/class3/frame2421.jpg,3
./Data-Angle/class3/frame1286.jpg,3
./Data-Angle/class3/frame465.jpg,3
./Data-Angle/class3/frame1322.jpg,3
./Data-Angle/class3/frame3150.jpg,3
./Data-Angle/class3/frame2239.jpg,3
./Data-Angle/class3/frame2457.jpg,3
./Data-Angle/class3/frame1802.jpg,3
./Data-Angle/class3/frame1698.jpg,3
./Data-Angle/class3/frame2971.jpg,3
./Data-Angle/class6/frame575.jpg,6
./Data-Angle/class3/frame2484.jpg,3
./Data-Angle/class6/frame574.jpg,6
./Data-Angle/class5/frame3101.jpg,5
./Data-Angle/class5/frame2627.jpg,5
./Data-Angle/class3/frame1542.jpg,3
./Data-Angle/class3/frame2202.jpg,3
./Data-Angle/class3/frame2083.jpg,3
./Data-Angle/class3/frame37.jpg,3
./Data-Angle/class3/frame2261.jpg,3
./Data-Angle/class3/frame2975.jpg,3
./Data-Angle/class3/frame2405.jpg,3
./Data-Angle/class3/frame38.jpg,3
./Data-Angle/class3/frame11.jpg,3
./Data-Angle/class3/frame2672.jpg,3
./Data-Angle/class3/frame2225.jpg,3
./Data-Angle/class3/frame2579.jpg,3
./Data-Angle/class3/frame2280.jpg,3
./Data-Angle/class3/frame1950.jpg,3
./Data-Angle/class3/frame864.jpg,3
./Data-Angle/class3/frame111.jpg,3
./Data-Angle/class3/frame1050.jpg,3
./Data-Angle/class3/frame2348.jpg,3
./Data-Angle/class3/frame588.jpg,3
./Data-Angle/class3/frame283.jpg,3
./Data-Angle/class3/frame1487.jpg,3
./Data-Angle/class3/frame3125.jpg,3
./Data-Angle/class3/frame2093.jpg,3
./Data-Angle/class3/frame100.jpg,3
./Data-Angle/class3/frame2526.jpg,3
./Data-Angle/class2/frame2704.jpg,2
./Data-Angle/class3/frame1188.jpg,3
./Data-Angle/class3/frame2859.jpg,3
./Data-Angle/class3/frame1084.jpg,3
./Data-Angle/class3/frame1636.jpg,3
./Data-Angle/class3/frame2198.jpg,3
./Data-Angle/class3/frame392.jpg,3
./Data-Angle/class3/frame1507.jpg,3
./Data-Angle/class3/frame2354.jpg,3
./Data-Angle/class3/frame1662.jpg,3
./Data-Angle/class3/frame2313.jpg,3
./Data-Angle/class3/frame2616.jpg,3
./Data-Angle/class1/frame1120.jpg,1
./Data-Angle/class1/frame2749.jpg,1
./Data-Angle/class3/frame1850.jpg,3
./Data-Angle/class3/frame445.jpg,3
./Data-Angle/class3/frame2855.jpg,3
./Data-Angle/class3/frame1193.jpg,3
./Data-Angle/class3/frame1923.jpg,3
./Data-Angle/class3/frame2066.jpg,3
./Data-Angle/class3/frame1189.jpg,3
./Data-Angle/class5/frame983.jpg,5
./Data-Angle/class3/frame1215.jpg,3
./Data-Angle/class3/frame1783.jpg,3
./Data-Angle/class3/frame2536.jpg,3
./Data-Angle/class3/frame3118.jpg,3
./Data-Angle/class3/frame346.jpg,3
./Data-Angle/class1/frame1787.jpg,1
./Data-Angle/class3/frame2141.jpg,3
./Data-Angle/class3/frame3061.jpg,3
./Data-Angle/class5/frame2523.jpg,5
./Data-Angle/class5/frame2390.jpg,5
./Data-Angle/class3/frame732.jpg,3
./Data-Angle/class3/frame1531.jpg,3
./Data-Angle/class3/frame1764.jpg,3
./Data-Angle/class3/frame1784.jpg,3
./Data-Angle/class3/frame3183.jpg,3
./Data-Angle/class3/frame492.jpg,3
./Data-Angle/class3/frame1366.jpg,3
./Data-Angle/class5/frame2294.jpg,5
./Data-Angle/class3/frame190.jpg,3
./Data-Angle/class3/frame3092.jpg,3
./Data-Angle/class3/frame3070.jpg,3
./Data-Angle/class3/frame407.jpg,3
./Data-Angle/class3/frame2386.jpg,3
./Data-Angle/class3/frame94.jpg,3
./Data-Angle/class3/frame1899.jpg,3
./Data-Angle/class2/frame788.jpg,2
./Data-Angle/class3/frame1579.jpg,3
./Data-Angle/class3/frame3105.jpg,3
./Data-Angle/class3/frame1525.jpg,3
./Data-Angle/class3/frame2985.jpg,3
./Data-Angle/class3/frame1769.jpg,3
./Data-Angle/class3/frame2099.jpg,3
./Data-Angle/class3/frame2553.jpg,3
./Data-Angle/class5/frame1624.jpg,5
./Data-Angle/class3/frame1930.jpg,3
./Data-Angle/class5/frame615.jpg,5
./Data-Angle/class3/frame1591.jpg,3
./Data-Angle/class3/frame1961.jpg,3
./Data-Angle/class3/frame1065.jpg,3
./Data-Angle/class3/frame226.jpg,3
./Data-Angle/class5/frame1230.jpg,5
./Data-Angle/class1/frame2336.jpg,1
./Data-Angle/class3/frame3130.jpg,3
./Data-Angle/class3/frame1915.jpg,3
./Data-Angle/class3/frame1218.jpg,3
./Data-Angle/class3/frame251.jpg,3
./Data-Angle/class3/frame1521.jpg,3
./Data-Angle/class6/frame1654.jpg,6
./Data-Angle/class3/frame2991.jpg,3
./Data-Angle/class5/frame609.jpg,5
./Data-Angle/class3/frame1997.jpg,3
./Data-Angle/class3/frame854.jpg,3
./Data-Angle/class3/frame603.jpg,3
./Data-Angle/class3/frame882.jpg,3
./Data-Angle/class3/frame1797.jpg,3
./Data-Angle/class3/frame669.jpg,3
./Data-Angle/class3/frame2022.jpg,3
./Data-Angle/class3/frame1171.jpg,3
./Data-Angle/class3/frame355.jpg,3
./Data-Angle/class3/frame1512.jpg,3
./Data-Angle/class3/frame1443.jpg,3
./Data-Angle/class3/frame462.jpg,3
./Data-Angle/class3/frame758.jpg,3
./Data-Angle/class4/frame593.jpg,4
./Data-Angle/class3/frame1639.jpg,3
./Data-Angle/class3/frame717.jpg,3
./Data-Angle/class3/frame1972.jpg,3
./Data-Angle/class3/frame2700.jpg,3
./Data-Angle/class3/frame2772.jpg,3
./Data-Angle/class5/frame2042.jpg,5
./Data-Angle/class3/frame1112.jpg,3
./Data-Angle/class3/frame2031.jpg,3
./Data-Angle/class3/frame490.jpg,3
./Data-Angle/class3/frame1027.jpg,3
./Data-Angle/class3/frame2034.jpg,3
./Data-Angle/class3/frame354.jpg,3
./Data-Angle/class3/frame2564.jpg,3
./Data-Angle/class3/frame1606.jpg,3
./Data-Angle/class4/frame617.jpg,4
./Data-Angle/class2/frame1170.jpg,2
./Data-Angle/class3/frame2916.jpg,3
./Data-Angle/class3/frame2494.jpg,3
./Data-Angle/class3/frame1010.jpg,3
./Data-Angle/class3/frame2053.jpg,3
./Data-Angle/class3/frame1883.jpg,3
./Data-Angle/class3/frame2331.jpg,3
./Data-Angle/class3/frame3111.jpg,3
./Data-Angle/class3/frame2228.jpg,3
./Data-Angle/class3/frame2435.jpg,3
./Data-Angle/class3/frame1730.jpg,3
./Data-Angle/class3/frame2959.jpg,3
./Data-Angle/class5/frame1596.jpg,5
./Data-Angle/class3/frame2480.jpg,3
./Data-Angle/class3/frame3091.jpg,3
./Data-Angle/class3/frame2219.jpg,3
./Data-Angle/class3/frame1878.jpg,3
./Data-Angle/class3/frame830.jpg,3
./Data-Angle/class3/frame1209.jpg,3
./Data-Angle/class1/frame917.jpg,1
./Data-Angle/class3/frame523.jpg,3
./Data-Angle/class3/frame1601.jpg,3
./Data-Angle/class3/frame2578.jpg,3
./Data-Angle/class3/frame2340.jpg,3
./Data-Angle/class3/frame1851.jpg,3
./Data-Angle/class4/frame2040.jpg,4
./Data-Angle/class3/frame3167.jpg,3
./Data-Angle/class0/frame2766.jpg,0
./Data-Angle/class3/frame1059.jpg,3
./Data-Angle/class3/frame674.jpg,3
./Data-Angle/class3/frame2889.jpg,3
./Data-Angle/class3/frame2218.jpg,3
./Data-Angle/class3/frame1673.jpg,3
./Data-Angle/class3/frame2232.jpg,3
./Data-Angle/class3/frame1153.jpg,3
./Data-Angle/class3/frame726.jpg,3
./Data-Angle/class3/frame795.jpg,3
./Data-Angle/class3/frame367.jpg,3
./Data-Angle/class4/frame2404.jpg,4
./Data-Angle/class3/frame2670.jpg,3
./Data-Angle/class5/frame1348.jpg,5
./Data-Angle/class3/frame2385.jpg,3
./Data-Angle/class3/frame1617.jpg,3
./Data-Angle/class3/frame88.jpg,3
./Data-Angle/class3/frame2554.jpg,3
./Data-Angle/class3/frame1023.jpg,3
./Data-Angle/class2/frame760.jpg,2
./Data-Angle/class3/frame1397.jpg,3
./Data-Angle/class3/frame295.jpg,3
./Data-Angle/class3/frame546.jpg,3
./Data-Angle/class5/frame2831.jpg,5
./Data-Angle/class2/frame881.jpg,2
./Data-Angle/class3/frame1880.jpg,3
./Data-Angle/class3/frame1921.jpg,3
./Data-Angle/class3/frame2110.jpg,3
./Data-Angle/class3/frame1855.jpg,3
./Data-Angle/class3/frame1374.jpg,3
./Data-Angle/class3/frame1588.jpg,3
./Data-Angle/class5/frame1874.jpg,5
./Data-Angle/class3/frame1713.jpg,3
./Data-Angle/class3/frame834.jpg,3
./Data-Angle/class2/frame1265.jpg,2
./Data-Angle/class3/frame56.jpg,3
./Data-Angle/class3/frame563.jpg,3
./Data-Angle/class0/frame912.jpg,0
./Data-Angle/class2/frame1115.jpg,2
./Data-Angle/class5/frame1689.jpg,5
./Data-Angle/class3/frame2009.jpg,3
./Data-Angle/class3/frame551.jpg,3
./Data-Angle/class3/frame532.jpg,3
./Data-Angle/class2/frame2979.jpg,2
./Data-Angle/class5/frame1622.jpg,5
./Data-Angle/class3/frame2177.jpg,3
./Data-Angle/class3/frame2640.jpg,3
./Data-Angle/class1/frame840.jpg,1
./Data-Angle/class3/frame699.jpg,3
./Data-Angle/class3/frame3139.jpg,3
./Data-Angle/class3/frame1793.jpg,3
./Data-Angle/class3/frame1438.jpg,3
./Data-Angle/class1/frame266.jpg,1
./Data-Angle/class3/frame2249.jpg,3
./Data-Angle/class3/frame2635.jpg,3
./Data-Angle/class4/frame3100.jpg,4
./Data-Angle/class3/frame1491.jpg,3
./Data-Angle/class3/frame2928.jpg,3
./Data-Angle/class3/frame2082.jpg,3
./Data-Angle/class2/frame2676.jpg,2
./Data-Angle/class3/frame1417.jpg,3
./Data-Angle/class3/frame427.jpg,3
./Data-Angle/class3/frame1465.jpg,3
./Data-Angle/class3/frame2189.jpg,3
./Data-Angle/class3/frame687.jpg,3
./Data-Angle/class3/frame2097.jpg,3
./Data-Angle/class3/frame1263.jpg,3
./Data-Angle/class3/frame404.jpg,3
./Data-Angle/class3/frame308.jpg,3
./Data-Angle/class3/frame97.jpg,3
./Data-Angle/class3/frame1928.jpg,3
./Data-Angle/class2/frame3165.jpg,2
./Data-Angle/class3/frame2854.jpg,3
./Data-Angle/class3/frame2847.jpg,3
./Data-Angle/class3/frame1902.jpg,3
./Data-Angle/class3/frame1038.jpg,3
./Data-Angle/class3/frame66.jpg,3
./Data-Angle/class3/frame73.jpg,3
./Data-Angle/class3/frame167.jpg,3
./Data-Angle/class3/frame24.jpg,3
./Data-Angle/class3/frame2192.jpg,3
./Data-Angle/class3/frame1125.jpg,3
./Data-Angle/class5/frame2399.jpg,5
./Data-Angle/class3/frame1343.jpg,3
./Data-Angle/class3/frame752.jpg,3
./Data-Angle/class3/frame2449.jpg,3
./Data-Angle/class3/frame2030.jpg,3
./Data-Angle/class3/frame399.jpg,3
./Data-Angle/class3/frame700.jpg,3
./Data-Angle/class3/frame2575.jpg,3
./Data-Angle/class3/frame1341.jpg,3
./Data-Angle/class3/frame54.jpg,3
./Data-Angle/class3/frame1561.jpg,3
./Data-Angle/class3/frame773.jpg,3
./Data-Angle/class3/frame2881.jpg,3
./Data-Angle/class1/frame2768.jpg,1
./Data-Angle/class3/frame40.jpg,3
./Data-Angle/class3/frame2913.jpg,3
./Data-Angle/class3/frame2085.jpg,3
./Data-Angle/class3/frame1394.jpg,3
./Data-Angle/class3/frame2038.jpg,3
./Data-Angle/class3/frame2722.jpg,3
./Data-Angle/class3/frame509.jpg,3
./Data-Angle/class3/frame1016.jpg,3
./Data-Angle/class3/frame155.jpg,3
./Data-Angle/class3/frame279.jpg,3
./Data-Angle/class3/frame1457.jpg,3
./Data-Angle/class3/frame2785.jpg,3
./Data-Angle/class3/frame622.jpg,3
./Data-Angle/class3/frame3069.jpg,3
./Data-Angle/class3/frame1836.jpg,3
./Data-Angle/class4/frame1327.jpg,4
./Data-Angle/class3/frame814.jpg,3
./Data-Angle/class3/frame1803.jpg,3
./Data-Angle/class3/frame642.jpg,3
./Data-Angle/class4/frame1626.jpg,4
./Data-Angle/class3/frame1469.jpg,3
./Data-Angle/class5/frame591.jpg,5
./Data-Angle/class3/frame3170.jpg,3
./Data-Angle/class5/frame1613.jpg,5
./Data-Angle/class3/frame2119.jpg,3
./Data-Angle/class3/frame230.jpg,3
./Data-Angle/class3/frame1199.jpg,3
./Data-Angle/class3/frame1075.jpg,3
./Data-Angle/class2/frame485.jpg,2
./Data-Angle/class3/frame116.jpg,3
./Data-Angle/class3/frame3063.jpg,3
./Data-Angle/class3/frame1490.jpg,3
./Data-Angle/class3/frame1132.jpg,3
./Data-Angle/class3/frame1080.jpg,3
./Data-Angle/class3/frame3153.jpg,3
./Data-Angle/class1/frame898.jpg,1
./Data-Angle/class3/frame3083.jpg,3
./Data-Angle/class5/frame157.jpg,5
./Data-Angle/class3/frame865.jpg,3
./Data-Angle/class1/frame798.jpg,1
./Data-Angle/class4/frame2295.jpg,4
./Data-Angle/class3/frame2015.jpg,3
./Data-Angle/class3/frame1146.jpg,3
./Data-Angle/class3/frame2678.jpg,3
./Data-Angle/class5/frame654.jpg,5
./Data-Angle/class3/frame2342.jpg,3
./Data-Angle/class3/frame2263.jpg,3
./Data-Angle/class5/frame1932.jpg,5
./Data-Angle/class3/frame2355.jpg,3
./Data-Angle/class3/frame91.jpg,3
./Data-Angle/class2/frame2276.jpg,2
./Data-Angle/class3/frame1742.jpg,3
./Data-Angle/class3/frame2019.jpg,3
./Data-Angle/class3/frame176.jpg,3
./Data-Angle/class5/frame163.jpg,5
./Data-Angle/class3/frame2150.jpg,3
./Data-Angle/class2/frame1267.jpg,2
./Data-Angle/class5/frame2106.jpg,5
./Data-Angle/class3/frame1723.jpg,3
./Data-Angle/class3/frame2586.jpg,3
./Data-Angle/class3/frame938.jpg,3
./Data-Angle/class3/frame3045.jpg,3
./Data-Angle/class3/frame2307.jpg,3
./Data-Angle/class2/frame1289.jpg,2
./Data-Angle/class3/frame561.jpg,3
./Data-Angle/class2/frame1095.jpg,2
./Data-Angle/class3/frame964.jpg,3
./Data-Angle/class1/frame359.jpg,1
./Data-Angle/class5/frame3107.jpg,5
./Data-Angle/class3/frame1885.jpg,3
./Data-Angle/class3/frame1011.jpg,3
./Data-Angle/class3/frame2420.jpg,3
./Data-Angle/class3/frame2893.jpg,3
./Data-Angle/class3/frame2863.jpg,3
./Data-Angle/class3/frame2625.jpg,3
./Data-Angle/class3/frame22.jpg,3
./Data-Angle/class3/frame471.jpg,3
./Data-Angle/class3/frame1877.jpg,3
./Data-Angle/class2/frame1256.jpg,2
./Data-Angle/class3/frame1424.jpg,3
./Data-Angle/class3/frame2758.jpg,3
./Data-Angle/class3/frame736.jpg,3
./Data-Angle/class3/frame559.jpg,3
./Data-Angle/class3/frame1100.jpg,3
./Data-Angle/class3/frame2487.jpg,3
./Data-Angle/class1/frame1039.jpg,1
./Data-Angle/class3/frame725.jpg,3
./Data-Angle/class5/frame567.jpg,5
./Data-Angle/class3/frame3123.jpg,3
./Data-Angle/class3/frame1785.jpg,3
./Data-Angle/class4/frame2463.jpg,4
./Data-Angle/class3/frame2442.jpg,3
./Data-Angle/class3/frame3103.jpg,3
./Data-Angle/class3/frame364.jpg,3
./Data-Angle/class3/frame2996.jpg,3
./Data-Angle/class3/frame1488.jpg,3
./Data-Angle/class1/frame1439.jpg,1
./Data-Angle/class3/frame122.jpg,3
./Data-Angle/class3/frame476.jpg,3
./Data-Angle/class3/frame1416.jpg,3
./Data-Angle/class2/frame2728.jpg,2
./Data-Angle/class3/frame2797.jpg,3
./Data-Angle/class2/frame769.jpg,2
./Data-Angle/class3/frame63.jpg,3
./Data-Angle/class5/frame1653.jpg,5
./Data-Angle/class3/frame1088.jpg,3
./Data-Angle/class3/frame2191.jpg,3
./Data-Angle/class4/frame2100.jpg,4
./Data-Angle/class3/frame1466.jpg,3
./Data-Angle/class3/frame2612.jpg,3
./Data-Angle/class3/frame3160.jpg,3
./Data-Angle/class3/frame899.jpg,3
./Data-Angle/class3/frame584.jpg,3
./Data-Angle/class3/frame2175.jpg,3
./Data-Angle/class3/frame2710.jpg,3
./Data-Angle/class3/frame1727.jpg,3
./Data-Angle/class3/frame46.jpg,3
./Data-Angle/class3/frame2718.jpg,3
./Data-Angle/class3/frame1926.jpg,3
./Data-Angle/class3/frame76.jpg,3
./Data-Angle/class3/frame2444.jpg,3
./Data-Angle/class3/frame1616.jpg,3
./Data-Angle/class3/frame3012.jpg,3
./Data-Angle/class3/frame2909.jpg,3
./Data-Angle/class3/frame733.jpg,3
./Data-Angle/class3/frame326.jpg,3
./Data-Angle/class5/frame178.jpg,5
./Data-Angle/class3/frame771.jpg,3
./Data-Angle/class3/frame926.jpg,3
./Data-Angle/class3/frame55.jpg,3
./Data-Angle/class1/frame2277.jpg,1
./Data-Angle/class2/frame2741.jpg,2
./Data-Angle/class3/frame3078.jpg,3
./Data-Angle/class3/frame1008.jpg,3
./Data-Angle/class3/frame602.jpg,3
./Data-Angle/class3/frame44.jpg,3
./Data-Angle/class4/frame2363.jpg,4
./Data-Angle/class3/frame3129.jpg,3
./Data-Angle/class3/frame1557.jpg,3
./Data-Angle/class3/frame710.jpg,3
./Data-Angle/class3/frame1553.jpg,3
./Data-Angle/class3/frame1079.jpg,3
./Data-Angle/class3/frame2950.jpg,3
./Data-Angle/class3/frame2132.jpg,3
./Data-Angle/class2/frame2731.jpg,2
./Data-Angle/class3/frame1590.jpg,3
./Data-Angle/class3/frame694.jpg,3
./Data-Angle/class3/frame1137.jpg,3
./Data-Angle/class3/frame958.jpg,3
./Data-Angle/class3/frame2811.jpg,3
./Data-Angle/class3/frame2050.jpg,3
./Data-Angle/class3/frame1200.jpg,3
./Data-Angle/class3/frame15.jpg,3
./Data-Angle/class1/frame1297.jpg,1
./Data-Angle/class3/frame1454.jpg,3
./Data-Angle/class3/frame291.jpg,3
./Data-Angle/class3/frame411.jpg,3
./Data-Angle/class3/frame1068.jpg,3
./Data-Angle/class3/frame2856.jpg,3
./Data-Angle/class2/frame276.jpg,2
./Data-Angle/class5/frame1584.jpg,5
./Data-Angle/class3/frame2471.jpg,3
./Data-Angle/class1/frame1993.jpg,1
./Data-Angle/class3/frame1148.jpg,3
./Data-Angle/class3/frame2890.jpg,3
./Data-Angle/class3/frame1144.jpg,3
./Data-Angle/class3/frame1022.jpg,3
./Data-Angle/class3/frame1176.jpg,3
./Data-Angle/class3/frame289.jpg,3
./Data-Angle/class3/frame2029.jpg,3
./Data-Angle/class3/frame82.jpg,3
./Data-Angle/class3/frame2926.jpg,3
./Data-Angle/class2/frame780.jpg,2
./Data-Angle/class1/frame2182.jpg,1
./Data-Angle/class3/frame1195.jpg,3
./Data-Angle/class3/frame1007.jpg,3
./Data-Angle/class3/frame1805.jpg,3
./Data-Angle/class3/frame1260.jpg,3
./Data-Angle/class3/frame3054.jpg,3
./Data-Angle/class3/frame2176.jpg,3
./Data-Angle/class3/frame1217.jpg,3
./Data-Angle/class1/frame1821.jpg,1
./Data-Angle/class3/frame1853.jpg,3
./Data-Angle/class1/frame239.jpg,1
./Data-Angle/class3/frame3093.jpg,3
./Data-Angle/class3/frame2850.jpg,3
./Data-Angle/class3/frame747.jpg,3
./Data-Angle/class2/frame922.jpg,2
./Data-Angle/class3/frame49.jpg,3
./Data-Angle/class5/frame1375.jpg,5
./Data-Angle/class1/frame1456.jpg,1
./Data-Angle/class3/frame822.jpg,3
./Data-Angle/class1/frame1276.jpg,1
./Data-Angle/class3/frame2593.jpg,3
./Data-Angle/class3/frame2286.jpg,3
./Data-Angle/class2/frame472.jpg,2
./Data-Angle/class3/frame2951.jpg,3
./Data-Angle/class3/frame2706.jpg,3
./Data-Angle/class1/frame768.jpg,1
./Data-Angle/class3/frame748.jpg,3
./Data-Angle/class3/frame416.jpg,3
./Data-Angle/class3/frame2128.jpg,3
./Data-Angle/class3/frame2573.jpg,3
./Data-Angle/class3/frame1108.jpg,3
./Data-Angle/class3/frame95.jpg,3
./Data-Angle/class3/frame1234.jpg,3
./Data-Angle/class3/frame494.jpg,3
./Data-Angle/class3/frame2668.jpg,3
./Data-Angle/class3/frame2088.jpg,3
./Data-Angle/class3/frame1291.jpg,3
./Data-Angle/class2/frame2599.jpg,2
./Data-Angle/class5/frame555.jpg,5
./Data-Angle/class3/frame1370.jpg,3
./Data-Angle/class3/frame2344.jpg,3
./Data-Angle/class2/frame259.jpg,2
./Data-Angle/class3/frame2273.jpg,3
./Data-Angle/class3/frame1552.jpg,3
./Data-Angle/class1/frame2720.jpg,1
./Data-Angle/class3/frame2397.jpg,3
./Data-Angle/class1/frame1496.jpg,1
./Data-Angle/class3/frame1160.jpg,3
./Data-Angle/class3/frame2335.jpg,3
./Data-Angle/class3/frame2565.jpg,3
./Data-Angle/class6/frame315.jpg,6
./Data-Angle/class5/frame2107.jpg,5
./Data-Angle/class1/frame3014.jpg,1
./Data-Angle/class3/frame80.jpg,3
./Data-Angle/class4/frame610.jpg,4
./Data-Angle/class3/frame335.jpg,3
./Data-Angle/class3/frame1879.jpg,3
./Data-Angle/class3/frame2321.jpg,3
./Data-Angle/class1/frame2765.jpg,1
./Data-Angle/class3/frame41.jpg,3
./Data-Angle/class3/frame2781.jpg,3
./Data-Angle/class3/frame131.jpg,3
./Data-Angle/class3/frame2413.jpg,3
./Data-Angle/class3/frame1607.jpg,3
./Data-Angle/class1/frame1478.jpg,1
./Data-Angle/class5/frame169.jpg,5
./Data-Angle/class3/frame2241.jpg,3
./Data-Angle/class3/frame2341.jpg,3
./Data-Angle/class3/frame645.jpg,3
./Data-Angle/class3/frame1428.jpg,3
./Data-Angle/class3/frame2567.jpg,3
./Data-Angle/class3/frame1868.jpg,3
./Data-Angle/class3/frame1279.jpg,3
./Data-Angle/class3/frame887.jpg,3
./Data-Angle/class3/frame1299.jpg,3
./Data-Angle/class2/frame809.jpg,2
./Data-Angle/class3/frame637.jpg,3
./Data-Angle/class3/frame718.jpg,3
./Data-Angle/class3/frame1407.jpg,3
./Data-Angle/class1/frame2935.jpg,1
./Data-Angle/class3/frame1392.jpg,3
./Data-Angle/class3/frame1518.jpg,3
./Data-Angle/class3/frame2590.jpg,3
./Data-Angle/class3/frame585.jpg,3
./Data-Angle/class5/frame3158.jpg,5
./Data-Angle/class3/frame278.jpg,3
./Data-Angle/class3/frame1680.jpg,3
./Data-Angle/class1/frame273.jpg,1
./Data-Angle/class3/frame3031.jpg,3
./Data-Angle/class3/frame2745.jpg,3
./Data-Angle/class3/frame1548.jpg,3
./Data-Angle/class3/frame2458.jpg,3
./Data-Angle/class3/frame2330.jpg,3
./Data-Angle/class3/frame2518.jpg,3
./Data-Angle/class3/frame2376.jpg,3
./Data-Angle/class5/frame1978.jpg,5
./Data-Angle/class3/frame823.jpg,3
./Data-Angle/class3/frame2389.jpg,3
./Data-Angle/class3/frame1762.jpg,3
./Data-Angle/class1/frame1788.jpg,1
./Data-Angle/class3/frame90.jpg,3
./Data-Angle/class3/frame1292.jpg,3
./Data-Angle/class3/frame813.jpg,3
./Data-Angle/class3/frame2120.jpg,3
./Data-Angle/class3/frame1892.jpg,3
./Data-Angle/class3/frame1560.jpg,3
./Data-Angle/class3/frame2525.jpg,3
./Data-Angle/class3/frame634.jpg,3
./Data-Angle/class3/frame1840.jpg,3
./Data-Angle/class1/frame918.jpg,1
./Data-Angle/class3/frame1396.jpg,3
./Data-Angle/class3/frame2563.jpg,3
./Data-Angle/class3/frame1898.jpg,3
./Data-Angle/class3/frame2014.jpg,3
./Data-Angle/class3/frame1247.jpg,3
./Data-Angle/class5/frame2371.jpg,5
./Data-Angle/class3/frame463.jpg,3
./Data-Angle/class3/frame692.jpg,3
./Data-Angle/class2/frame3027.jpg,2
./Data-Angle/class3/frame2065.jpg,3
./Data-Angle/class3/frame570.jpg,3
./Data-Angle/class3/frame1177.jpg,3
./Data-Angle/class3/frame2874.jpg,3
./Data-Angle/class3/frame13.jpg,3
./Data-Angle/class3/frame269.jpg,3
./Data-Angle/class3/frame630.jpg,3
./Data-Angle/class3/frame1140.jpg,3
./Data-Angle/class3/frame626.jpg,3
./Data-Angle/class3/frame292.jpg,3
./Data-Angle/class3/frame1594.jpg,3
./Data-Angle/class3/frame503.jpg,3
./Data-Angle/class2/frame889.jpg,2
./Data-Angle/class3/frame1757.jpg,3
./Data-Angle/class3/frame1842.jpg,3
./Data-Angle/class3/frame2568.jpg,3
./Data-Angle/class3/frame2812.jpg,3
./Data-Angle/class3/frame224.jpg,3
./Data-Angle/class3/frame185.jpg,3
./Data-Angle/class3/frame2848.jpg,3
./Data-Angle/class3/frame1470.jpg,3
./Data-Angle/class3/frame1385.jpg,3
./Data-Angle/class3/frame2498.jpg,3
./Data-Angle/class3/frame2592.jpg,3
./Data-Angle/class4/frame568.jpg,4
./Data-Angle/class3/frame1830.jpg,3
./Data-Angle/class3/frame3002.jpg,3
./Data-Angle/class1/frame2993.jpg,1
./Data-Angle/class3/frame1798.jpg,3
./Data-Angle/class3/frame1003.jpg,3
./Data-Angle/class4/frame2043.jpg,4
./Data-Angle/class3/frame2006.jpg,3
./Data-Angle/class3/frame2223.jpg,3
./Data-Angle/class2/frame2181.jpg,2
./Data-Angle/class3/frame2096.jpg,3
./Data-Angle/class3/frame871.jpg,3
./Data-Angle/class3/frame3174.jpg,3
./Data-Angle/class3/frame1938.jpg,3
./Data-Angle/class3/frame796.jpg,3
./Data-Angle/class3/frame2699.jpg,3
./Data-Angle/class4/frame2415.jpg,4
./Data-Angle/class4/frame143.jpg,4
./Data-Angle/class3/frame1024.jpg,3
./Data-Angle/class3/frame1058.jpg,3
./Data-Angle/class3/frame383.jpg,3
./Data-Angle/class3/frame1477.jpg,3
./Data-Angle/class2/frame2809.jpg,2
./Data-Angle/class3/frame3119.jpg,3
./Data-Angle/class3/frame930.jpg,3
./Data-Angle/class3/frame2010.jpg,3
./Data-Angle/class3/frame53.jpg,3
./Data-Angle/class3/frame3060.jpg,3
./Data-Angle/class4/frame302.jpg,4
./Data-Angle/class3/frame1481.jpg,3
./Data-Angle/class1/frame697.jpg,1
./Data-Angle/class1/frame1266.jpg,1
./Data-Angle/class3/frame1131.jpg,3
./Data-Angle/class5/frame1887.jpg,5
./Data-Angle/class3/frame2583.jpg,3
./Data-Angle/class3/frame1124.jpg,3
./Data-Angle/class3/frame2441.jpg,3
./Data-Angle/class3/frame1391.jpg,3
./Data-Angle/class3/frame241.jpg,3
./Data-Angle/class1/frame2799.jpg,1
./Data-Angle/class3/frame3104.jpg,3
./Data-Angle/class1/frame862.jpg,1
./Data-Angle/class3/frame859.jpg,3
./Data-Angle/class5/frame3172.jpg,5
./Data-Angle/class3/frame3145.jpg,3
./Data-Angle/class3/frame1966.jpg,3
./Data-Angle/class4/frame2008.jpg,4
./Data-Angle/class3/frame2609.jpg,3
./Data-Angle/class3/frame2429.jpg,3
./Data-Angle/class3/frame2197.jpg,3
./Data-Angle/class3/frame2648.jpg,3
./Data-Angle/class3/frame2513.jpg,3
./Data-Angle/class3/frame2221.jpg,3
./Data-Angle/class3/frame417.jpg,3
./Data-Angle/class3/frame233.jpg,3
./Data-Angle/class3/frame1536.jpg,3
./Data-Angle/class3/frame2351.jpg,3
./Data-Angle/class5/frame1848.jpg,5
./Data-Angle/class3/frame60.jpg,3
./Data-Angle/class1/frame714.jpg,1
./Data-Angle/class3/frame860.jpg,3
./Data-Angle/class3/frame3206.jpg,3
./Data-Angle/class3/frame423.jpg,3
./Data-Angle/class3/frame2717.jpg,3
./Data-Angle/class3/frame1661.jpg,3
./Data-Angle/class3/frame907.jpg,3
./Data-Angle/class3/frame820.jpg,3
./Data-Angle/class3/frame743.jpg,3
./Data-Angle/class3/frame1818.jpg,3
./Data-Angle/class3/frame406.jpg,3
./Data-Angle/class3/frame2632.jpg,3
./Data-Angle/class4/frame1977.jpg,4
./Data-Angle/class3/frame3057.jpg,3
./Data-Angle/class3/frame246.jpg,3
./Data-Angle/class3/frame2332.jpg,3
./Data-Angle/class3/frame341.jpg,3
./Data-Angle/class3/frame1154.jpg,3
./Data-Angle/class3/frame2185.jpg,3
./Data-Angle/class3/frame3126.jpg,3
./Data-Angle/class3/frame1718.jpg,3
./Data-Angle/class3/frame2584.jpg,3
./Data-Angle/class3/frame2626.jpg,3
./Data-Angle/class3/frame2091.jpg,3
./Data-Angle/class3/frame900.jpg,3
./Data-Angle/class3/frame2623.jpg,3
./Data-Angle/class3/frame2253.jpg,3
./Data-Angle/class3/frame1035.jpg,3
./Data-Angle/class3/frame1999.jpg,3
./Data-Angle/class3/frame604.jpg,3
./Data-Angle/class1/frame716.jpg,1
./Data-Angle/class3/frame942.jpg,3
./Data-Angle/class5/frame2056.jpg,5
./Data-Angle/class3/frame2977.jpg,3
./Data-Angle/class3/frame1663.jpg,3
./Data-Angle/class3/frame1743.jpg,3
./Data-Angle/class3/frame1500.jpg,3
./Data-Angle/class3/frame3201.jpg,3
./Data-Angle/class3/frame384.jpg,3
./Data-Angle/class3/frame2840.jpg,3
./Data-Angle/class3/frame3066.jpg,3
./Data-Angle/class3/frame2466.jpg,3
./Data-Angle/class3/frame1813.jpg,3
./Data-Angle/class3/frame1078.jpg,3
./Data-Angle/class3/frame2064.jpg,3
./Data-Angle/class3/frame1036.jpg,3
./Data-Angle/class3/frame478.jpg,3
./Data-Angle/class3/frame1685.jpg,3
./Data-Angle/class3/frame1486.jpg,3
./Data-Angle/class3/frame597.jpg,3
./Data-Angle/class3/frame258.jpg,3
./Data-Angle/class5/frame2057.jpg,5
./Data-Angle/class3/frame1545.jpg,3
./Data-Angle/class3/frame441.jpg,3
./Data-Angle/class2/frame351.jpg,2
./Data-Angle/class2/frame742.jpg,2
./Data-Angle/class3/frame1379.jpg,3
./Data-Angle/class4/frame1985.jpg,4
./Data-Angle/class3/frame581.jpg,3
./Data-Angle/class3/frame2052.jpg,3
./Data-Angle/class3/frame1241.jpg,3
./Data-Angle/class3/frame713.jpg,3
./Data-Angle/class3/frame110.jpg,3
./Data-Angle/class3/frame501.jpg,3
./Data-Angle/class5/frame556.jpg,5
./Data-Angle/class3/frame363.jpg,3
./Data-Angle/class3/frame2702.jpg,3
./Data-Angle/class3/frame2035.jpg,3
./Data-Angle/class5/frame566.jpg,5
./Data-Angle/class3/frame2229.jpg,3
./Data-Angle/class2/frame2988.jpg,2
./Data-Angle/class3/frame1006.jpg,3
./Data-Angle/class3/frame2827.jpg,3
./Data-Angle/class1/frame1810.jpg,1
./Data-Angle/class3/frame2195.jpg,3
./Data-Angle/class3/frame3024.jpg,3
./Data-Angle/class3/frame2621.jpg,3
./Data-Angle/class1/frame872.jpg,1
./Data-Angle/class3/frame1837.jpg,3
./Data-Angle/class3/frame2121.jpg,3
./Data-Angle/class3/frame750.jpg,3
./Data-Angle/class3/frame2464.jpg,3
./Data-Angle/class3/frame250.jpg,3
./Data-Angle/class3/frame2581.jpg,3
./Data-Angle/class3/frame1710.jpg,3
./Data-Angle/class3/frame1801.jpg,3
./Data-Angle/class3/frame1806.jpg,3
./Data-Angle/class3/frame1484.jpg,3
./Data-Angle/class3/frame3176.jpg,3
./Data-Angle/class4/frame2200.jpg,4
./Data-Angle/class1/frame473.jpg,1
./Data-Angle/class3/frame1965.jpg,3
./Data-Angle/class3/frame1719.jpg,3
./Data-Angle/class3/frame665.jpg,3
./Data-Angle/class5/frame402.jpg,5
./Data-Angle/class3/frame1717.jpg,3
./Data-Angle/class1/frame2283.jpg,1
./Data-Angle/class3/frame2646.jpg,3
./Data-Angle/class3/frame112.jpg,3
./Data-Angle/class3/frame1410.jpg,3
./Data-Angle/class4/frame1233.jpg,4
./Data-Angle/class3/frame1763.jpg,3
./Data-Angle/class4/frame2383.jpg,4
./Data-Angle/class2/frame800.jpg,2
./Data-Angle/class3/frame338.jpg,3
./Data-Angle/class3/frame1365.jpg,3
./Data-Angle/class3/frame558.jpg,3
./Data-Angle/class3/frame1174.jpg,3
./Data-Angle/class3/frame3131.jpg,3
./Data-Angle/class3/frame1871.jpg,3
./Data-Angle/class3/frame520.jpg,3
./Data-Angle/class1/frame706.jpg,1
./Data-Angle/class3/frame2660.jpg,3
./Data-Angle/class3/frame48.jpg,3
./Data-Angle/class1/frame878.jpg,1
./Data-Angle/class3/frame1432.jpg,3
./Data-Angle/class3/frame927.jpg,3
./Data-Angle/class3/frame426.jpg,3
./Data-Angle/class3/frame1831.jpg,3
./Data-Angle/class3/frame114.jpg,3
./Data-Angle/class4/frame166.jpg,4
./Data-Angle/class3/frame2864.jpg,3
./Data-Angle/class1/frame2711.jpg,1
./Data-Angle/class4/frame2266.jpg,4
./Data-Angle/class4/frame1642.jpg,4
./Data-Angle/class3/frame1857.jpg,3
./Data-Angle/class3/frame1750.jpg,3
./Data-Angle/class3/frame2358.jpg,3
./Data-Angle/class3/frame1248.jpg,3
./Data-Angle/class3/frame2472.jpg,3
./Data-Angle/class3/frame2411.jpg,3
./Data-Angle/class3/frame248.jpg,3
./Data-Angle/class3/frame835.jpg,3
./Data-Angle/class3/frame1734.jpg,3
./Data-Angle/class3/frame2558.jpg,3
./Data-Angle/class5/frame1846.jpg,5
./Data-Angle/class3/frame1900.jpg,3
./Data-Angle/class1/frame2844.jpg,1
./Data-Angle/class3/frame2024.jpg,3
./Data-Angle/class3/frame393.jpg,3
./Data-Angle/class3/frame2470.jpg,3
./Data-Angle/class3/frame408.jpg,3
./Data-Angle/class3/frame1795.jpg,3
./Data-Angle/class4/frame1345.jpg,4
./Data-Angle/class3/frame2491.jpg,3
./Data-Angle/class4/frame653.jpg,4
./Data-Angle/class4/frame1647.jpg,4
./Data-Angle/class3/frame33.jpg,3
./Data-Angle/class1/frame2257.jpg,1
./Data-Angle/class3/frame2255.jpg,3
./Data-Angle/class3/frame2753.jpg,3
./Data-Angle/class1/frame1462.jpg,1
./Data-Angle/class3/frame365.jpg,3
./Data-Angle/class3/frame1755.jpg,3
./Data-Angle/class3/frame954.jpg,3
./Data-Angle/class5/frame3173.jpg,5
./Data-Angle/class1/frame395.jpg,1
./Data-Angle/class3/frame650.jpg,3
./Data-Angle/class3/frame2790.jpg,3
./Data-Angle/class3/frame2667.jpg,3
./Data-Angle/class5/frame170.jpg,5
./Data-Angle/class3/frame3135.jpg,3
./Data-Angle/class3/frame1953.jpg,3
./Data-Angle/class3/frame3195.jpg,3
./Data-Angle/class3/frame1433.jpg,3
./Data-Angle/class3/frame2757.jpg,3
./Data-Angle/class3/frame2368.jpg,3
./Data-Angle/class3/frame2853.jpg,3
./Data-Angle/class5/frame1232.jpg,5
./Data-Angle/class3/frame1982.jpg,3
./Data-Angle/class1/frame2600.jpg,1
./Data-Angle/class3/frame620.jpg,3
./Data-Angle/class5/frame2398.jpg,5
./Data-Angle/class3/frame2503.jpg,3
./Data-Angle/class3/frame2629.jpg,3
./Data-Angle/class2/frame232.jpg,2
./Data-Angle/class3/frame2410.jpg,3
./Data-Angle/class3/frame990.jpg,3
./Data-Angle/class1/frame905.jpg,1
./Data-Angle/class3/frame293.jpg,3
./Data-Angle/class3/frame944.jpg,3
./Data-Angle/class3/frame560.jpg,3
./Data-Angle/class3/frame2206.jpg,3
./Data-Angle/class3/frame3030.jpg,3
./Data-Angle/class3/frame989.jpg,3
./Data-Angle/class2/frame1995.jpg,2
./Data-Angle/class3/frame2984.jpg,3
./Data-Angle/class3/frame3154.jpg,3
./Data-Angle/class3/frame3134.jpg,3
./Data-Angle/class3/frame1513.jpg,3
./Data-Angle/class0/frame358.jpg,0
./Data-Angle/class3/frame1497.jpg,3
./Data-Angle/class3/frame413.jpg,3
./Data-Angle/class3/frame2310.jpg,3
./Data-Angle/class3/frame1030.jpg,3
./Data-Angle/class3/frame1505.jpg,3
./Data-Angle/class3/frame412.jpg,3
./Data-Angle/class3/frame3010.jpg,3
./Data-Angle/class3/frame3152.jpg,3
./Data-Angle/class5/frame2830.jpg,5
./Data-Angle/class3/frame1776.jpg,3
./Data-Angle/class3/frame128.jpg,3
./Data-Angle/class3/frame103.jpg,3
./Data-Angle/class4/frame1652.jpg,4
./Data-Angle/class3/frame168.jpg,3
./Data-Angle/class3/frame1937.jpg,3
./Data-Angle/class3/frame1284.jpg,3
./Data-Angle/class3/frame2366.jpg,3
./Data-Angle/class5/frame2069.jpg,5
./Data-Angle/class3/frame1129.jpg,3
./Data-Angle/class3/frame632.jpg,3
./Data-Angle/class3/frame2095.jpg,3
./Data-Angle/class3/frame1514.jpg,3
./Data-Angle/class3/frame431.jpg,3
./Data-Angle/class3/frame2596.jpg,3
./Data-Angle/class2/frame740.jpg,2
./Data-Angle/class3/frame4.jpg,3
./Data-Angle/class3/frame522.jpg,3
./Data-Angle/class3/frame2334.jpg,3
./Data-Angle/class3/frame195.jpg,3
./Data-Angle/class5/frame2557.jpg,5
./Data-Angle/class3/frame320.jpg,3
./Data-Angle/class5/frame1369.jpg,5
./Data-Angle/class2/frame1294.jpg,2
./Data-Angle/class3/frame2630.jpg,3
./Data-Angle/class3/frame2562.jpg,3
./Data-Angle/class3/frame2220.jpg,3
./Data-Angle/class3/frame1800.jpg,3
./Data-Angle/class4/frame3137.jpg,4
./Data-Angle/class3/frame2004.jpg,3
./Data-Angle/class3/frame1665.jpg,3
./Data-Angle/class3/frame1777.jpg,3
./Data-Angle/class2/frame1277.jpg,2
./Data-Angle/class3/frame2832.jpg,3
./Data-Angle/class3/frame50.jpg,3
./Data-Angle/class3/frame691.jpg,3
./Data-Angle/class3/frame801.jpg,3
./Data-Angle/class3/frame2624.jpg,3
./Data-Angle/class4/frame1575.jpg,4
./Data-Angle/class3/frame2792.jpg,3
./Data-Angle/class3/frame1246.jpg,3
./Data-Angle/class3/frame1914.jpg,3
./Data-Angle/class1/frame2750.jpg,1
./Data-Angle/class3/frame207.jpg,3
./Data-Angle/class3/frame658.jpg,3
./Data-Angle/class3/frame2746.jpg,3
./Data-Angle/class3/frame2071.jpg,3
./Data-Angle/class5/frame1377.jpg,5
./Data-Angle/class2/frame2681.jpg,2
./Data-Angle/class3/frame1225.jpg,3
./Data-Angle/class3/frame1586.jpg,3
./Data-Angle/class3/frame932.jpg,3
./Data-Angle/class2/frame360.jpg,2
./Data-Angle/class3/frame247.jpg,3
./Data-Angle/class3/frame517.jpg,3
./Data-Angle/class3/frame1049.jpg,3
./Data-Angle/class3/frame1981.jpg,3
./Data-Angle/class3/frame1315.jpg,3
./Data-Angle/class3/frame1074.jpg,3
./Data-Angle/class3/frame2880.jpg,3
./Data-Angle/class3/frame586.jpg,3
./Data-Angle/class4/frame156.jpg,4
./Data-Angle/class1/frame2326.jpg,1
./Data-Angle/class3/frame3186.jpg,3
./Data-Angle/class3/frame2852.jpg,3
./Data-Angle/class3/frame877.jpg,3
./Data-Angle/class2/frame2314.jpg,2
./Data-Angle/class4/frame1635.jpg,4
./Data-Angle/class3/frame3020.jpg,3
./Data-Angle/class1/frame841.jpg,1
./Data-Angle/class2/frame763.jpg,2
./Data-Angle/class3/frame422.jpg,3
./Data-Angle/class3/frame2740.jpg,3
./Data-Angle/class3/frame481.jpg,3
./Data-Angle/class3/frame782.jpg,3
./Data-Angle/class4/frame995.jpg,4
./Data-Angle/class3/frame2876.jpg,3
./Data-Angle/class5/frame2416.jpg,5
./Data-Angle/class3/frame1134.jpg,3
./Data-Angle/class3/frame3086.jpg,3
./Data-Angle/class3/frame562.jpg,3
./Data-Angle/class3/frame2046.jpg,3
./Data-Angle/class1/frame1047.jpg,1
./Data-Angle/class3/frame2090.jpg,3
./Data-Angle/class3/frame458.jpg,3
./Data-Angle/class3/frame1269.jpg,3
./Data-Angle/class3/frame1064.jpg,3
./Data-Angle/class3/frame1808.jpg,3
./Data-Angle/class3/frame976.jpg,3
./Data-Angle/class3/frame2000.jpg,3
./Data-Angle/class3/frame1198.jpg,3
./Data-Angle/class3/frame133.jpg,3
./Data-Angle/class3/frame270.jpg,3
./Data-Angle/class3/frame105.jpg,3
./Data-Angle/class3/frame646.jpg,3
./Data-Angle/class1/frame863.jpg,1
./Data-Angle/class3/frame3008.jpg,3
./Data-Angle/class3/frame530.jpg,3
./Data-Angle/class3/frame400.jpg,3
./Data-Angle/class3/frame1726.jpg,3
./Data-Angle/class1/frame2882.jpg,1
./Data-Angle/class3/frame45.jpg,3
./Data-Angle/class1/frame791.jpg,1
./Data-Angle/class1/frame896.jpg,1
./Data-Angle/class3/frame2455.jpg,3
./Data-Angle/class4/frame162.jpg,4
./Data-Angle/class5/frame1873.jpg,5
./Data-Angle/class3/frame2822.jpg,3
./Data-Angle/class3/frame1748.jpg,3
./Data-Angle/class3/frame3062.jpg,3
