frame1031.jpg,0
frame1043.jpg,0
frame1044.jpg,0
frame1154.jpg,0
frame1159.jpg,0
frame1160.jpg,0
frame1214.jpg,0
frame1215.jpg,0
frame1216.jpg,0
frame1345.jpg,0
frame1349.jpg,0
frame1353.jpg,0
frame253.jpg,0
frame254.jpg,0
frame255.jpg,0
frame576.jpg,0
frame577.jpg,0
frame593.jpg,0
frame668.jpg,0
frame669.jpg,0
frame809.jpg,0
frame859.jpg,0
frame860.jpg,0
frame874.jpg,0
frame890.jpg,0
frame897.jpg,0
frame898.jpg,0
frame903.jpg,0
frame904.jpg,0
frame922.jpg,0
frame1019.jpg,1
frame1021.jpg,1
frame1023.jpg,1
frame1042.jpg,1
frame1048.jpg,1
frame1049.jpg,1
frame1155.jpg,1
frame1158.jpg,1
frame1162.jpg,1
frame1217.jpg,1
frame1250.jpg,1
frame1344.jpg,1
frame1350.jpg,1
frame1354.jpg,1
frame1402.jpg,1
frame171.jpg,1
frame173.jpg,1
frame177.jpg,1
frame182.jpg,1
frame183.jpg,1
frame203.jpg,1
frame252.jpg,1
frame256.jpg,1
frame31.jpg,1
frame37.jpg,1
frame41.jpg,1
frame410.jpg,1
frame418.jpg,1
frame419.jpg,1
frame48.jpg,1
frame519.jpg,1
frame531.jpg,1
frame532.jpg,1
frame555.jpg,1
frame570.jpg,1
frame572.jpg,1
frame581.jpg,1
frame592.jpg,1
frame601.jpg,1
frame618.jpg,1
frame667.jpg,1
frame670.jpg,1
frame722.jpg,1
frame793.jpg,1
frame808.jpg,1
frame83.jpg,1
frame858.jpg,1
frame861.jpg,1
frame865.jpg,1
frame868.jpg,1
frame869.jpg,1
frame875.jpg,1
frame891.jpg,1
frame894.jpg,1
frame902.jpg,1
frame921.jpg,1
frame923.jpg,1
frame930.jpg,1
frame935.jpg,1
frame936.jpg,1
frame1024.jpg,2
frame1029.jpg,2
frame1032.jpg,2
frame1035.jpg,2
frame1041.jpg,2
frame1046.jpg,2
frame1050.jpg,2
frame1156.jpg,2
frame1163.jpg,2
frame1248.jpg,2
frame1251.jpg,2
frame1343.jpg,2
frame1351.jpg,2
frame1352.jpg,2
frame1401.jpg,2
frame174.jpg,2
frame176.jpg,2
frame179.jpg,2
frame205.jpg,2
frame251.jpg,2
frame285.jpg,2
frame36.jpg,2
frame409.jpg,2
frame412.jpg,2
frame420.jpg,2
frame49.jpg,2
frame520.jpg,2
frame533.jpg,2
frame553.jpg,2
frame556.jpg,2
frame575.jpg,2
frame578.jpg,2
frame591.jpg,2
frame600.jpg,2
frame603.jpg,2
frame610.jpg,2
frame617.jpg,2
frame619.jpg,2
frame671.jpg,2
frame723.jpg,2
frame792.jpg,2
frame794.jpg,2
frame84.jpg,2
frame863.jpg,2
frame866.jpg,2
frame870.jpg,2
frame872.jpg,2
frame876.jpg,2
frame892.jpg,2
frame893.jpg,2
frame895.jpg,2
frame901.jpg,2
frame905.jpg,2
frame924.jpg,2
frame937.jpg,2
frame0.jpg,3
frame1.jpg,3
frame100.jpg,3
frame1002.jpg,3
frame1003.jpg,3
frame1005.jpg,3
frame1006.jpg,3
frame101.jpg,3
frame1015.jpg,3
frame1016.jpg,3
frame1017.jpg,3
frame102.jpg,3
frame1025.jpg,3
frame1026.jpg,3
frame1028.jpg,3
frame103.jpg,3
frame1033.jpg,3
frame1037.jpg,3
frame1038.jpg,3
frame1039.jpg,3
frame1040.jpg,3
frame105.jpg,3
frame1051.jpg,3
frame1053.jpg,3
frame1057.jpg,3
frame1058.jpg,3
frame1063.jpg,3
frame1064.jpg,3
frame1065.jpg,3
frame1067.jpg,3
frame1068.jpg,3
frame107.jpg,3
frame1078.jpg,3
frame108.jpg,3
frame1082.jpg,3
frame1087.jpg,3
frame1088.jpg,3
frame1089.jpg,3
frame1093.jpg,3
frame1094.jpg,3
frame1095.jpg,3
frame1097.jpg,3
frame1098.jpg,3
frame1099.jpg,3
frame110.jpg,3
frame1100.jpg,3
frame1101.jpg,3
frame1103.jpg,3
frame1104.jpg,3
frame1105.jpg,3
frame1107.jpg,3
frame1108.jpg,3
frame1109.jpg,3
frame1110.jpg,3
frame1111.jpg,3
frame1112.jpg,3
frame1114.jpg,3
frame1115.jpg,3
frame1119.jpg,3
frame1120.jpg,3
frame1121.jpg,3
frame1122.jpg,3
frame1124.jpg,3
frame1125.jpg,3
frame1126.jpg,3
frame1128.jpg,3
frame1129.jpg,3
frame113.jpg,3
frame1131.jpg,3
frame1132.jpg,3
frame1133.jpg,3
frame1135.jpg,3
frame1136.jpg,3
frame1137.jpg,3
frame1139.jpg,3
frame114.jpg,3
frame1140.jpg,3
frame1142.jpg,3
frame1143.jpg,3
frame1144.jpg,3
frame1146.jpg,3
frame1147.jpg,3
frame1148.jpg,3
frame115.jpg,3
frame1150.jpg,3
frame1151.jpg,3
frame1157.jpg,3
frame116.jpg,3
frame1164.jpg,3
frame1166.jpg,3
frame1167.jpg,3
frame117.jpg,3
frame1178.jpg,3
frame1179.jpg,3
frame118.jpg,3
frame1184.jpg,3
frame1185.jpg,3
frame1186.jpg,3
frame119.jpg,3
frame1196.jpg,3
frame1197.jpg,3
frame1199.jpg,3
frame12.jpg,3
frame120.jpg,3
frame1201.jpg,3
frame1202.jpg,3
frame1203.jpg,3
frame1205.jpg,3
frame1206.jpg,3
frame121.jpg,3
frame1219.jpg,3
frame122.jpg,3
frame1220.jpg,3
frame1222.jpg,3
frame1223.jpg,3
frame1224.jpg,3
frame1226.jpg,3
frame1227.jpg,3
frame1228.jpg,3
frame123.jpg,3
frame1230.jpg,3
frame1231.jpg,3
frame1233.jpg,3
frame1234.jpg,3
frame1235.jpg,3
frame124.jpg,3
frame1245.jpg,3
frame1246.jpg,3
frame1252.jpg,3
frame1253.jpg,3
frame1254.jpg,3
frame1256.jpg,3
frame1257.jpg,3
frame1258.jpg,3
frame1260.jpg,3
frame1261.jpg,3
frame1262.jpg,3
frame1264.jpg,3
frame1265.jpg,3
frame1266.jpg,3
frame1268.jpg,3
frame1269.jpg,3
frame1270.jpg,3
frame1277.jpg,3
frame128.jpg,3
frame1283.jpg,3
frame1285.jpg,3
frame1286.jpg,3
frame1287.jpg,3
frame1289.jpg,3
frame129.jpg,3
frame1290.jpg,3
frame1292.jpg,3
frame1293.jpg,3
frame1298.jpg,3
frame13.jpg,3
frame130.jpg,3
frame1300.jpg,3
frame1302.jpg,3
frame1303.jpg,3
frame131.jpg,3
frame1311.jpg,3
frame1312.jpg,3
frame1313.jpg,3
frame1319.jpg,3
frame132.jpg,3
frame1320.jpg,3
frame1322.jpg,3
frame1323.jpg,3
frame1324.jpg,3
frame1329.jpg,3
frame133.jpg,3
frame1330.jpg,3
frame1332.jpg,3
frame1333.jpg,3
frame1337.jpg,3
frame1339.jpg,3
frame134.jpg,3
frame1340.jpg,3
frame1342.jpg,3
frame1347.jpg,3
frame135.jpg,3
frame1356.jpg,3
frame1357.jpg,3
frame1358.jpg,3
frame136.jpg,3
frame1360.jpg,3
frame1361.jpg,3
frame1363.jpg,3
frame1364.jpg,3
frame1369.jpg,3
frame1371.jpg,3
frame1379.jpg,3
frame1380.jpg,3
frame1382.jpg,3
frame1386.jpg,3
frame1387.jpg,3
frame1389.jpg,3
frame1390.jpg,3
frame1391.jpg,3
frame1393.jpg,3
frame1394.jpg,3
frame1395.jpg,3
frame1397.jpg,3
frame1398.jpg,3
frame1399.jpg,3
frame140.jpg,3
frame1400.jpg,3
frame1405.jpg,3
frame1407.jpg,3
frame1408.jpg,3
frame1409.jpg,3
frame1410.jpg,3
frame1411.jpg,3
frame1412.jpg,3
frame1414.jpg,3
frame1415.jpg,3
frame1416.jpg,3
frame1418.jpg,3
frame1419.jpg,3
frame142.jpg,3
frame1421.jpg,3
frame1422.jpg,3
frame1423.jpg,3
frame1425.jpg,3
frame1426.jpg,3
frame1427.jpg,3
frame143.jpg,3
frame144.jpg,3
frame145.jpg,3
frame147.jpg,3
frame148.jpg,3
frame149.jpg,3
frame154.jpg,3
frame155.jpg,3
frame16.jpg,3
frame162.jpg,3
frame163.jpg,3
frame164.jpg,3
frame166.jpg,3
frame167.jpg,3
frame168.jpg,3
frame17.jpg,3
frame170.jpg,3
frame175.jpg,3
frame180.jpg,3
frame181.jpg,3
frame185.jpg,3
frame187.jpg,3
frame188.jpg,3
frame189.jpg,3
frame190.jpg,3
frame191.jpg,3
frame192.jpg,3
frame194.jpg,3
frame195.jpg,3
frame196.jpg,3
frame198.jpg,3
frame199.jpg,3
frame2.jpg,3
frame200.jpg,3
frame201.jpg,3
frame202.jpg,3
frame207.jpg,3
frame208.jpg,3
frame209.jpg,3
frame210.jpg,3
frame211.jpg,3
frame212.jpg,3
frame219.jpg,3
frame22.jpg,3
frame220.jpg,3
frame222.jpg,3
frame223.jpg,3
frame224.jpg,3
frame226.jpg,3
frame227.jpg,3
frame228.jpg,3
frame232.jpg,3
frame233.jpg,3
frame234.jpg,3
frame236.jpg,3
frame237.jpg,3
frame238.jpg,3
frame241.jpg,3
frame242.jpg,3
frame243.jpg,3
frame245.jpg,3
frame246.jpg,3
frame247.jpg,3
frame249.jpg,3
frame25.jpg,3
frame250.jpg,3
frame258.jpg,3
frame259.jpg,3
frame26.jpg,3
frame261.jpg,3
frame262.jpg,3
frame263.jpg,3
frame265.jpg,3
frame269.jpg,3
frame27.jpg,3
frame271.jpg,3
frame273.jpg,3
frame274.jpg,3
frame276.jpg,3
frame277.jpg,3
frame278.jpg,3
frame28.jpg,3
frame280.jpg,3
frame281.jpg,3
frame283.jpg,3
frame284.jpg,3
frame286.jpg,3
frame288.jpg,3
frame289.jpg,3
frame29.jpg,3
frame291.jpg,3
frame292.jpg,3
frame293.jpg,3
frame295.jpg,3
frame296.jpg,3
frame297.jpg,3
frame299.jpg,3
frame3.jpg,3
frame30.jpg,3
frame301.jpg,3
frame302.jpg,3
frame306.jpg,3
frame308.jpg,3
frame309.jpg,3
frame310.jpg,3
frame312.jpg,3
frame313.jpg,3
frame314.jpg,3
frame316.jpg,3
frame317.jpg,3
frame318.jpg,3
frame320.jpg,3
frame321.jpg,3
frame322.jpg,3
frame324.jpg,3
frame325.jpg,3
frame326.jpg,3
frame328.jpg,3
frame333.jpg,3
frame334.jpg,3
frame336.jpg,3
frame337.jpg,3
frame338.jpg,3
frame34.jpg,3
frame340.jpg,3
frame346.jpg,3
frame348.jpg,3
frame349.jpg,3
frame35.jpg,3
frame355.jpg,3
frame356.jpg,3
frame357.jpg,3
frame359.jpg,3
frame371.jpg,3
frame372.jpg,3
frame38.jpg,3
frame380.jpg,3
frame381.jpg,3
frame383.jpg,3
frame384.jpg,3
frame385.jpg,3
frame392.jpg,3
frame393.jpg,3
frame394.jpg,3
frame40.jpg,3
frame403.jpg,3
frame404.jpg,3
frame406.jpg,3
frame407.jpg,3
frame408.jpg,3
frame414.jpg,3
frame415.jpg,3
frame416.jpg,3
frame421.jpg,3
frame422.jpg,3
frame423.jpg,3
frame425.jpg,3
frame426.jpg,3
frame427.jpg,3
frame429.jpg,3
frame43.jpg,3
frame430.jpg,3
frame432.jpg,3
frame433.jpg,3
frame434.jpg,3
frame436.jpg,3
frame437.jpg,3
frame438.jpg,3
frame44.jpg,3
frame449.jpg,3
frame45.jpg,3
frame451.jpg,3
frame452.jpg,3
frame453.jpg,3
frame455.jpg,3
frame456.jpg,3
frame457.jpg,3
frame459.jpg,3
frame46.jpg,3
frame464.jpg,3
frame466.jpg,3
frame47.jpg,3
frame472.jpg,3
frame474.jpg,3
frame475.jpg,3
frame476.jpg,3
frame478.jpg,3
frame479.jpg,3
frame485.jpg,3
frame487.jpg,3
frame488.jpg,3
frame489.jpg,3
frame491.jpg,3
frame492.jpg,3
frame493.jpg,3
frame498.jpg,3
frame499.jpg,3
frame5.jpg,3
frame500.jpg,3
frame501.jpg,3
frame502.jpg,3
frame504.jpg,3
frame505.jpg,3
frame506.jpg,3
frame51.jpg,3
frame513.jpg,3
frame514.jpg,3
frame516.jpg,3
frame517.jpg,3
frame52.jpg,3
frame522.jpg,3
frame523.jpg,3
frame524.jpg,3
frame526.jpg,3
frame527.jpg,3
frame528.jpg,3
frame530.jpg,3
frame534.jpg,3
frame535.jpg,3
frame537.jpg,3
frame538.jpg,3
frame539.jpg,3
frame540.jpg,3
frame541.jpg,3
frame542.jpg,3
frame544.jpg,3
frame549.jpg,3
frame55.jpg,3
frame551.jpg,3
frame552.jpg,3
frame557.jpg,3
frame559.jpg,3
frame56.jpg,3
frame560.jpg,3
frame568.jpg,3
frame569.jpg,3
frame57.jpg,3
frame58.jpg,3
frame580.jpg,3
frame582.jpg,3
frame584.jpg,3
frame585.jpg,3
frame586.jpg,3
frame588.jpg,3
frame589.jpg,3
frame59.jpg,3
frame595.jpg,3
frame596.jpg,3
frame597.jpg,3
frame599.jpg,3
frame6.jpg,3
frame60.jpg,3
frame605.jpg,3
frame606.jpg,3
frame607.jpg,3
frame609.jpg,3
frame61.jpg,3
frame613.jpg,3
frame615.jpg,3
frame616.jpg,3
frame62.jpg,3
frame621.jpg,3
frame622.jpg,3
frame623.jpg,3
frame625.jpg,3
frame626.jpg,3
frame627.jpg,3
frame632.jpg,3
frame633.jpg,3
frame634.jpg,3
frame636.jpg,3
frame637.jpg,3
frame638.jpg,3
frame64.jpg,3
frame640.jpg,3
frame641.jpg,3
frame643.jpg,3
frame644.jpg,3
frame645.jpg,3
frame647.jpg,3
frame648.jpg,3
frame649.jpg,3
frame650.jpg,3
frame651.jpg,3
frame652.jpg,3
frame654.jpg,3
frame655.jpg,3
frame656.jpg,3
frame658.jpg,3
frame659.jpg,3
frame66.jpg,3
frame661.jpg,3
frame662.jpg,3
frame663.jpg,3
frame665.jpg,3
frame666.jpg,3
frame67.jpg,3
frame673.jpg,3
frame674.jpg,3
frame675.jpg,3
frame677.jpg,3
frame68.jpg,3
frame682.jpg,3
frame684.jpg,3
frame685.jpg,3
frame686.jpg,3
frame692.jpg,3
frame693.jpg,3
frame694.jpg,3
frame696.jpg,3
frame7.jpg,3
frame70.jpg,3
frame702.jpg,3
frame703.jpg,3
frame704.jpg,3
frame712.jpg,3
frame714.jpg,3
frame715.jpg,3
frame717.jpg,3
frame718.jpg,3
frame719.jpg,3
frame720.jpg,3
frame724.jpg,3
frame725.jpg,3
frame727.jpg,3
frame728.jpg,3
frame729.jpg,3
frame730.jpg,3
frame731.jpg,3
frame732.jpg,3
frame734.jpg,3
frame735.jpg,3
frame74.jpg,3
frame741.jpg,3
frame742.jpg,3
frame743.jpg,3
frame745.jpg,3
frame746.jpg,3
frame747.jpg,3
frame749.jpg,3
frame75.jpg,3
frame750.jpg,3
frame757.jpg,3
frame758.jpg,3
frame759.jpg,3
frame760.jpg,3
frame761.jpg,3
frame762.jpg,3
frame77.jpg,3
frame770.jpg,3
frame771.jpg,3
frame773.jpg,3
frame774.jpg,3
frame775.jpg,3
frame777.jpg,3
frame778.jpg,3
frame779.jpg,3
frame780.jpg,3
frame781.jpg,3
frame782.jpg,3
frame787.jpg,3
frame788.jpg,3
frame789.jpg,3
frame790.jpg,3
frame791.jpg,3
frame795.jpg,3
frame797.jpg,3
frame798.jpg,3
frame8.jpg,3
frame805.jpg,3
frame806.jpg,3
frame81.jpg,3
frame82.jpg,3
frame824.jpg,3
frame825.jpg,3
frame830.jpg,3
frame841.jpg,3
frame842.jpg,3
frame844.jpg,3
frame845.jpg,3
frame846.jpg,3
frame853.jpg,3
frame854.jpg,3
frame855.jpg,3
frame857.jpg,3
frame86.jpg,3
frame862.jpg,3
frame871.jpg,3
frame877.jpg,3
frame878.jpg,3
frame88.jpg,3
frame880.jpg,3
frame881.jpg,3
frame883.jpg,3
frame884.jpg,3
frame885.jpg,3
frame887.jpg,3
frame89.jpg,3
frame9.jpg,3
frame906.jpg,3
frame907.jpg,3
frame908.jpg,3
frame91.jpg,3
frame910.jpg,3
frame911.jpg,3
frame913.jpg,3
frame914.jpg,3
frame915.jpg,3
frame917.jpg,3
frame918.jpg,3
frame919.jpg,3
frame920.jpg,3
frame925.jpg,3
frame926.jpg,3
frame93.jpg,3
frame932.jpg,3
frame933.jpg,3
frame938.jpg,3
frame939.jpg,3
frame94.jpg,3
frame941.jpg,3
frame942.jpg,3
frame943.jpg,3
frame945.jpg,3
frame946.jpg,3
frame947.jpg,3
frame949.jpg,3
frame95.jpg,3
frame950.jpg,3
frame952.jpg,3
frame953.jpg,3
frame954.jpg,3
frame966.jpg,3
frame967.jpg,3
frame968.jpg,3
frame97.jpg,3
frame970.jpg,3
frame971.jpg,3
frame973.jpg,3
frame974.jpg,3
frame975.jpg,3
frame977.jpg,3
frame978.jpg,3
frame979.jpg,3
frame980.jpg,3
frame981.jpg,3
frame982.jpg,3
frame984.jpg,3
frame99.jpg,3
frame990.jpg,3
frame992.jpg,3
frame993.jpg,3
frame994.jpg,3
frame996.jpg,3
frame1001.jpg,4
frame1007.jpg,4
frame1054.jpg,4
frame1056.jpg,4
frame1059.jpg,4
frame1072.jpg,4
frame1074.jpg,4
frame1076.jpg,4
frame1086.jpg,4
frame1090.jpg,4
frame1116.jpg,4
frame1168.jpg,4
frame1173.jpg,4
frame1176.jpg,4
frame1182.jpg,4
frame1188.jpg,4
frame1195.jpg,4
frame1244.jpg,4
frame125.jpg,4
frame1276.jpg,4
frame1282.jpg,4
frame1294.jpg,4
frame1296.jpg,4
frame1309.jpg,4
frame1315.jpg,4
frame1318.jpg,4
frame1334.jpg,4
frame1336.jpg,4
frame1365.jpg,4
frame137.jpg,4
frame1372.jpg,4
frame1378.jpg,4
frame150.jpg,4
frame153.jpg,4
frame156.jpg,4
frame218.jpg,4
frame229.jpg,4
frame231.jpg,4
frame268.jpg,4
frame303.jpg,4
frame305.jpg,4
frame331.jpg,4
frame332.jpg,4
frame341.jpg,4
frame351.jpg,4
frame360.jpg,4
frame370.jpg,4
frame386.jpg,4
frame387.jpg,4
frame391.jpg,4
frame402.jpg,4
frame440.jpg,4
frame445.jpg,4
frame448.jpg,4
frame460.jpg,4
frame463.jpg,4
frame471.jpg,4
frame480.jpg,4
frame484.jpg,4
frame508.jpg,4
frame548.jpg,4
frame561.jpg,4
frame628.jpg,4
frame631.jpg,4
frame678.jpg,4
frame687.jpg,4
frame691.jpg,4
frame700.jpg,4
frame711.jpg,4
frame736.jpg,4
frame739.jpg,4
frame763.jpg,4
frame768.jpg,4
frame783.jpg,4
frame820.jpg,4
frame821.jpg,4
frame831.jpg,4
frame834.jpg,4
frame847.jpg,4
frame852.jpg,4
frame965.jpg,4
frame985.jpg,4
frame989.jpg,4
frame1008.jpg,5
frame1012.jpg,5
frame1055.jpg,5
frame1062.jpg,5
frame1071.jpg,5
frame1075.jpg,5
frame1080.jpg,5
frame1081.jpg,5
frame1084.jpg,5
frame1091.jpg,5
frame1092.jpg,5
frame1117.jpg,5
frame1172.jpg,5
frame1174.jpg,5
frame1175.jpg,5
frame1189.jpg,5
frame1194.jpg,5
frame1207.jpg,5
frame1238.jpg,5
frame1243.jpg,5
frame126.jpg,5
frame1272.jpg,5
frame1275.jpg,5
frame1279.jpg,5
frame1295.jpg,5
frame1304.jpg,5
frame1308.jpg,5
frame1317.jpg,5
frame1326.jpg,5
frame1327.jpg,5
frame1366.jpg,5
frame1373.jpg,5
frame1377.jpg,5
frame1384.jpg,5
frame139.jpg,5
frame151.jpg,5
frame157.jpg,5
frame159.jpg,5
frame214.jpg,5
frame239.jpg,5
frame240.jpg,5
frame267.jpg,5
frame304.jpg,5
frame330.jpg,5
frame342.jpg,5
frame352.jpg,5
frame354.jpg,5
frame361.jpg,5
frame373.jpg,5
frame374.jpg,5
frame377.jpg,5
frame390.jpg,5
frame396.jpg,5
frame397.jpg,5
frame444.jpg,5
frame447.jpg,5
frame462.jpg,5
frame470.jpg,5
frame481.jpg,5
frame483.jpg,5
frame497.jpg,5
frame509.jpg,5
frame512.jpg,5
frame547.jpg,5
frame630.jpg,5
frame679.jpg,5
frame690.jpg,5
frame697.jpg,5
frame699.jpg,5
frame706.jpg,5
frame709.jpg,5
frame737.jpg,5
frame751.jpg,5
frame754.jpg,5
frame764.jpg,5
frame784.jpg,5
frame785.jpg,5
frame799.jpg,5
frame813.jpg,5
frame814.jpg,5
frame816.jpg,5
frame822.jpg,5
frame823.jpg,5
frame826.jpg,5
frame832.jpg,5
frame835.jpg,5
frame840.jpg,5
frame851.jpg,5
frame956.jpg,5
frame986.jpg,5
frame998.jpg,5
frame1000.jpg,6
frame1009.jpg,6
frame1011.jpg,6
frame1061.jpg,6
frame1070.jpg,6
frame1171.jpg,6
frame1190.jpg,6
frame1191.jpg,6
frame1193.jpg,6
frame1208.jpg,6
frame1209.jpg,6
frame1239.jpg,6
frame1240.jpg,6
frame1241.jpg,6
frame1273.jpg,6
frame1274.jpg,6
frame1280.jpg,6
frame1306.jpg,6
frame1307.jpg,6
frame1367.jpg,6
frame1375.jpg,6
frame1376.jpg,6
frame138.jpg,6
frame215.jpg,6
frame216.jpg,6
frame217.jpg,6
frame353.jpg,6
frame362.jpg,6
frame363.jpg,6
frame365.jpg,6
frame366.jpg,6
frame367.jpg,6
frame375.jpg,6
frame376.jpg,6
frame389.jpg,6
frame399.jpg,6
frame400.jpg,6
frame401.jpg,6
frame443.jpg,6
frame461.jpg,6
frame469.jpg,6
frame510.jpg,6
frame511.jpg,6
frame546.jpg,6
frame563.jpg,6
frame564.jpg,6
frame565.jpg,6
frame680.jpg,6
frame689.jpg,6
frame698.jpg,6
frame708.jpg,6
frame752.jpg,6
frame753.jpg,6
frame766.jpg,6
frame800.jpg,6
frame801.jpg,6
frame815.jpg,6
frame817.jpg,6
frame818.jpg,6
frame836.jpg,6
frame837.jpg,6
frame838.jpg,6
frame849.jpg,6
frame850.jpg,6
frame957.jpg,6
frame959.jpg,6
frame960.jpg,6
frame961.jpg,6
frame963.jpg,6
frame964.jpg,6
frame987.jpg,6
